<?xml version="1.0" encoding="UTF-8"?>

<NewFormatters xmlns:xsi="http://www.w3.org/2001/XMLSchema-instance" xsi:noNamespaceSchemaLocation="opencms://system/modules/org.opencms.ade.config/schemas/formatters/new_formatter.xsd">
  <NewFormatter language="en">
    <NiceName><![CDATA[Sample formatter for Hello World]]></NiceName>
    <Type><![CDATA[helloworld]]></Type>
    <Jsp>
      <link type="WEAK">
        <target><![CDATA[/system/modules/com.alkacon.opencms.v8.mymodule/formatters/helloworld-formatter.jsp]]></target>
        <uuid>1b00adc9-4075-11e7-9de0-68f72862be9a</uuid>
      </link>
    </Jsp>
    <Rank><![CDATA[1000]]></Rank>
    <Match>
      <Width>
        <Width><![CDATA[-1]]></Width>
      </Width>
    </Match>
    <Preview>false</Preview>
    <SearchContent>true</SearchContent>
    <AutoEnabled>true</AutoEnabled>
    <Detail>true</Detail>
    <NestedContainers>false</NestedContainers>
  </NewFormatter>
</NewFormatters>
