<?xml version="1.0" encoding="UTF-8"?>

<export>
	<info>
		<creator>Admin</creator>
		<opencms_version>10.5.1</opencms_version>
		<createdate>Wed, 24 May 2017 11:58:07 GMT</createdate>
		<infoproject>Offline</infoproject>
		<export_version>10</export_version>
	</info>
	<module>
		<name>com.alkacon.opencms.v8.mymodule</name>
		<nicename><![CDATA[MyModule]]></nicename>
		<class/>
		<export-mode name="default"/>
		<description/>
		<version>0.1</version>
		<authorname/>
		<authoremail/>
		<datecreated/>
		<userinstalled/>
		<dateinstalled/>
		<dependencies/>
		<exportpoints>
			<exportpoint uri="/system/modules/com.alkacon.opencms.v8.mymodule/classes/" destination="WEB-INF/classes/"/>
		</exportpoints>
		<resources>
			<resource uri="/system/modules/com.alkacon.opencms.v8.mymodule/"/>
			<resource uri="/system/workplace/resources/filetypes/helloworld.png"/>
			<resource uri="/system/workplace/resources/filetypes/helloworld_big.png"/>
		</resources>
		<excluderesources/>
		<parameters/>
		<resourcetypes>
			<type class="org.opencms.file.types.CmsResourceTypeXmlContent" name="helloworld" id="20297">
				<param name="schema">/system/modules/com.alkacon.opencms.v8.mymodule/schemas/helloworld.xsd</param>
			</type>
		</resourcetypes>
		<explorertypes>
			<explorertype name="helloworld" key="fileicon.helloworld" icon="helloworld.png" bigicon="helloworld_big.png" reference="xmlcontent">
				<newresource page="structurecontent" uri="newresource_xmlcontent.jsp?newresourcetype=helloworld" order="10" autosetnavigation="false" autosettitle="false"/>
			</explorertype>
		</explorertypes>
	</module>
	<files>
		<file>
			<destination>system</destination>
			<type>folder</type>
			<uuidstructure>1f7a849a-406f-11e7-9cf0-68f72862be9a</uuidstructure>
			<datelastmodified>Wed, 24 May 2017 10:52:47 GMT</datelastmodified>
			<userlastmodified>Admin</userlastmodified>
			<datecreated>Wed, 24 May 2017 10:52:47 GMT</datecreated>
			<usercreated>Admin</usercreated>
			<flags>0</flags>
			<properties/>
			<relations/>
			<accesscontrol>
				<accessentry>
					<uuidprincipal>ROLE.WORKPLACE_USER</uuidprincipal>
					<flags>514</flags>
					<permissionset>
						<allowed>1</allowed>
						<denied>0</denied>
					</permissionset>
				</accessentry>
			</accesscontrol>
		</file>
		<file>
			<destination>system/modules</destination>
			<type>folder</type>
			<uuidstructure>26f66996-406f-11e7-9cf0-68f72862be9a</uuidstructure>
			<datelastmodified>Wed, 24 May 2017 10:52:59 GMT</datelastmodified>
			<userlastmodified>Admin</userlastmodified>
			<datecreated>Wed, 24 May 2017 10:52:59 GMT</datecreated>
			<usercreated>Admin</usercreated>
			<flags>0</flags>
			<properties/>
			<relations/>
			<accesscontrol>
				<accessentry>
					<uuidprincipal>ROLE.WORKPLACE_USER</uuidprincipal>
					<flags>514</flags>
					<permissionset>
						<allowed>5</allowed>
						<denied>0</denied>
					</permissionset>
				</accessentry>
			</accesscontrol>
		</file>
		<file>
			<destination>system/modules/com.alkacon.opencms.v8.mymodule</destination>
			<type>folder</type>
			<uuidstructure>aa964322-4068-11e7-9742-54ee75c16a25</uuidstructure>
			<datelastmodified>Wed, 24 May 2017 10:06:34 GMT</datelastmodified>
			<userlastmodified>Admin</userlastmodified>
			<datecreated>Wed, 24 May 2017 10:06:34 GMT</datecreated>
			<usercreated>Admin</usercreated>
			<flags>0</flags>
			<properties/>
			<relations/>
			<accesscontrol/>
		</file>
		<file>
			<source>system/modules/com.alkacon.opencms.v8.mymodule/.config</source>
			<destination>system/modules/com.alkacon.opencms.v8.mymodule/.config</destination>
			<type>module_config</type>
			<uuidstructure>bd5160da-4069-11e7-9742-54ee75c16a25</uuidstructure>
			<uuidresource>bd5160db-4069-11e7-9742-54ee75c16a25</uuidresource>
			<datelastmodified>Wed, 24 May 2017 11:35:36 GMT</datelastmodified>
			<userlastmodified>Admin</userlastmodified>
			<datecreated>Wed, 24 May 2017 10:14:15 GMT</datecreated>
			<usercreated>Admin</usercreated>
			<flags>0</flags>
			<properties>
				<property>
					<name>locale</name>
					<value><![CDATA[en]]></value>
				</property>
				<property>
					<name>locale-available</name>
					<value><![CDATA[en]]></value>
				</property>
				<property>
					<name>search.exclude</name>
					<value><![CDATA[all]]></value>
				</property>
			</properties>
			<relations/>
			<accesscontrol/>
		</file>
		<file>
			<destination>system/modules/com.alkacon.opencms.v8.mymodule/classes</destination>
			<type>folder</type>
			<uuidstructure>aaa5374e-4068-11e7-9742-54ee75c16a25</uuidstructure>
			<datelastmodified>Wed, 24 May 2017 10:06:34 GMT</datelastmodified>
			<userlastmodified>Admin</userlastmodified>
			<datecreated>Wed, 24 May 2017 10:06:34 GMT</datecreated>
			<usercreated>Admin</usercreated>
			<flags>0</flags>
			<properties/>
			<relations/>
			<accesscontrol/>
		</file>
		<file>
			<destination>system/modules/com.alkacon.opencms.v8.mymodule/classes/com</destination>
			<type>folder</type>
			<uuidstructure>aaa70c10-4068-11e7-9742-54ee75c16a25</uuidstructure>
			<datelastmodified>Wed, 24 May 2017 10:06:34 GMT</datelastmodified>
			<userlastmodified>Admin</userlastmodified>
			<datecreated>Wed, 24 May 2017 10:06:34 GMT</datecreated>
			<usercreated>Admin</usercreated>
			<flags>0</flags>
			<properties/>
			<relations/>
			<accesscontrol/>
		</file>
		<file>
			<destination>system/modules/com.alkacon.opencms.v8.mymodule/classes/com/alkacon</destination>
			<type>folder</type>
			<uuidstructure>aaa92ef2-4068-11e7-9742-54ee75c16a25</uuidstructure>
			<datelastmodified>Wed, 24 May 2017 10:06:34 GMT</datelastmodified>
			<userlastmodified>Admin</userlastmodified>
			<datecreated>Wed, 24 May 2017 10:06:34 GMT</datecreated>
			<usercreated>Admin</usercreated>
			<flags>0</flags>
			<properties/>
			<relations/>
			<accesscontrol/>
		</file>
		<file>
			<destination>system/modules/com.alkacon.opencms.v8.mymodule/classes/com/alkacon/opencms</destination>
			<type>folder</type>
			<uuidstructure>aaab51d4-4068-11e7-9742-54ee75c16a25</uuidstructure>
			<datelastmodified>Wed, 24 May 2017 10:06:34 GMT</datelastmodified>
			<userlastmodified>Admin</userlastmodified>
			<datecreated>Wed, 24 May 2017 10:06:34 GMT</datecreated>
			<usercreated>Admin</usercreated>
			<flags>0</flags>
			<properties/>
			<relations/>
			<accesscontrol/>
		</file>
		<file>
			<destination>system/modules/com.alkacon.opencms.v8.mymodule/classes/com/alkacon/opencms/v8</destination>
			<type>folder</type>
			<uuidstructure>aaad4da6-4068-11e7-9742-54ee75c16a25</uuidstructure>
			<datelastmodified>Wed, 24 May 2017 10:06:34 GMT</datelastmodified>
			<userlastmodified>Admin</userlastmodified>
			<datecreated>Wed, 24 May 2017 10:06:34 GMT</datecreated>
			<usercreated>Admin</usercreated>
			<flags>0</flags>
			<properties/>
			<relations/>
			<accesscontrol/>
		</file>
		<file>
			<destination>system/modules/com.alkacon.opencms.v8.mymodule/classes/com/alkacon/opencms/v8/mymodule</destination>
			<type>folder</type>
			<uuidstructure>aaaf4978-4068-11e7-9742-54ee75c16a25</uuidstructure>
			<datelastmodified>Wed, 24 May 2017 10:06:34 GMT</datelastmodified>
			<userlastmodified>Admin</userlastmodified>
			<datecreated>Wed, 24 May 2017 10:06:34 GMT</datecreated>
			<usercreated>Admin</usercreated>
			<flags>0</flags>
			<properties/>
			<relations/>
			<accesscontrol/>
		</file>
		<file>
			<destination>system/modules/com.alkacon.opencms.v8.mymodule/elements</destination>
			<type>folder</type>
			<uuidstructure>aa9c84b6-4068-11e7-9742-54ee75c16a25</uuidstructure>
			<datelastmodified>Wed, 24 May 2017 10:06:34 GMT</datelastmodified>
			<userlastmodified>Admin</userlastmodified>
			<datecreated>Wed, 24 May 2017 10:06:34 GMT</datecreated>
			<usercreated>Admin</usercreated>
			<flags>0</flags>
			<properties/>
			<relations/>
			<accesscontrol/>
		</file>
		<file>
			<destination>system/modules/com.alkacon.opencms.v8.mymodule/formatters</destination>
			<type>folder</type>
			<uuidstructure>aa9f43d8-4068-11e7-9742-54ee75c16a25</uuidstructure>
			<datelastmodified>Wed, 24 May 2017 10:06:34 GMT</datelastmodified>
			<userlastmodified>Admin</userlastmodified>
			<datecreated>Wed, 24 May 2017 10:06:34 GMT</datecreated>
			<usercreated>Admin</usercreated>
			<flags>0</flags>
			<properties/>
			<relations/>
			<accesscontrol/>
		</file>
		<file>
			<source>system/modules/com.alkacon.opencms.v8.mymodule/formatters/helloworld-formatter-config.xml</source>
			<destination>system/modules/com.alkacon.opencms.v8.mymodule/formatters/helloworld-formatter-config.xml</destination>
			<type>formatter_config</type>
			<uuidstructure>1b0cbbbc-4075-11e7-9de0-68f72862be9a</uuidstructure>
			<uuidresource>1b0cbbbd-4075-11e7-9de0-68f72862be9a</uuidresource>
			<datelastmodified>Wed, 24 May 2017 11:35:36 GMT</datelastmodified>
			<userlastmodified>Admin</userlastmodified>
			<datecreated>Wed, 24 May 2017 11:35:36 GMT</datecreated>
			<usercreated>Admin</usercreated>
			<flags>0</flags>
			<properties>
				<property>
					<name>Title</name>
					<value><![CDATA[Sample formatter for Hello World]]></value>
				</property>
				<property>
					<name>locale</name>
					<value><![CDATA[en]]></value>
				</property>
				<property>
					<name>locale-available</name>
					<value><![CDATA[en]]></value>
				</property>
				<property>
					<name>search.exclude</name>
					<value><![CDATA[all]]></value>
				</property>
			</properties>
			<relations/>
			<accesscontrol/>
		</file>
		<file>
			<source>system/modules/com.alkacon.opencms.v8.mymodule/formatters/helloworld-formatter.jsp</source>
			<destination>system/modules/com.alkacon.opencms.v8.mymodule/formatters/helloworld-formatter.jsp</destination>
			<type>jsp</type>
			<uuidstructure>1b00adc9-4075-11e7-9de0-68f72862be9a</uuidstructure>
			<uuidresource>1b00adca-4075-11e7-9de0-68f72862be9a</uuidresource>
			<datelastmodified>Wed, 24 May 2017 11:52:18 GMT</datelastmodified>
			<userlastmodified>Admin</userlastmodified>
			<datecreated>Wed, 24 May 2017 11:35:36 GMT</datecreated>
			<usercreated>Admin</usercreated>
			<flags>0</flags>
			<properties>
				<property type="shared">
					<name>export</name>
					<value><![CDATA[false]]></value>
				</property>
			</properties>
			<relations/>
			<accesscontrol/>
		</file>
		<file>
			<destination>system/modules/com.alkacon.opencms.v8.mymodule/i18n</destination>
			<type>folder</type>
			<uuidstructure>1ae7a784-4075-11e7-9de0-68f72862be9a</uuidstructure>
			<datelastmodified>Wed, 24 May 2017 11:35:36 GMT</datelastmodified>
			<userlastmodified>Admin</userlastmodified>
			<datecreated>Wed, 24 May 2017 11:35:36 GMT</datecreated>
			<usercreated>Admin</usercreated>
			<flags>0</flags>
			<properties/>
			<relations/>
			<accesscontrol/>
		</file>
		<file>
			<source>system/modules/com.alkacon.opencms.v8.mymodule/i18n/com.alkacon.opencms.v8.mymodule.workplace_en</source>
			<destination>system/modules/com.alkacon.opencms.v8.mymodule/i18n/com.alkacon.opencms.v8.mymodule.workplace_en</destination>
			<type>propertyvfsbundle</type>
			<uuidstructure>1aedc206-4075-11e7-9de0-68f72862be9a</uuidstructure>
			<uuidresource>1aedc207-4075-11e7-9de0-68f72862be9a</uuidresource>
			<datelastmodified>Wed, 24 May 2017 11:40:59 GMT</datelastmodified>
			<userlastmodified>Admin</userlastmodified>
			<datecreated>Wed, 24 May 2017 11:35:36 GMT</datecreated>
			<usercreated>Admin</usercreated>
			<flags>0</flags>
			<properties>
				<property>
					<name>content-encoding</name>
					<value><![CDATA[UTF-8]]></value>
				</property>
				<property type="shared">
					<name>content-encoding</name>
					<value><![CDATA[UTF-8]]></value>
				</property>
				<property>
					<name>search.exclude</name>
					<value><![CDATA[all]]></value>
				</property>
			</properties>
			<relations/>
			<accesscontrol/>
		</file>
		<file>
			<destination>system/modules/com.alkacon.opencms.v8.mymodule/resources</destination>
			<type>folder</type>
			<uuidstructure>aaa33b7c-4068-11e7-9742-54ee75c16a25</uuidstructure>
			<datelastmodified>Wed, 24 May 2017 10:06:34 GMT</datelastmodified>
			<userlastmodified>Admin</userlastmodified>
			<datecreated>Wed, 24 May 2017 10:06:34 GMT</datecreated>
			<usercreated>Admin</usercreated>
			<flags>0</flags>
			<properties/>
			<relations/>
			<accesscontrol/>
		</file>
		<file>
			<destination>system/modules/com.alkacon.opencms.v8.mymodule/schemas</destination>
			<type>folder</type>
			<uuidstructure>aaa166ba-4068-11e7-9742-54ee75c16a25</uuidstructure>
			<datelastmodified>Wed, 24 May 2017 10:06:34 GMT</datelastmodified>
			<userlastmodified>Admin</userlastmodified>
			<datecreated>Wed, 24 May 2017 10:06:34 GMT</datecreated>
			<usercreated>Admin</usercreated>
			<flags>0</flags>
			<properties/>
			<relations/>
			<accesscontrol/>
		</file>
		<file>
			<source>system/modules/com.alkacon.opencms.v8.mymodule/schemas/content.xsd</source>
			<destination>system/modules/com.alkacon.opencms.v8.mymodule/schemas/content.xsd</destination>
			<type>plain</type>
			<uuidstructure>f821fd0f-4069-11e7-9742-54ee75c16a25</uuidstructure>
			<uuidresource>f821fd10-4069-11e7-9742-54ee75c16a25</uuidresource>
			<datelastmodified>Wed, 24 May 2017 10:18:03 GMT</datelastmodified>
			<userlastmodified>Admin</userlastmodified>
			<datecreated>Wed, 24 May 2017 10:15:53 GMT</datecreated>
			<usercreated>Admin</usercreated>
			<flags>0</flags>
			<properties/>
			<relations/>
			<accesscontrol/>
		</file>
		<file>
			<source>system/modules/com.alkacon.opencms.v8.mymodule/schemas/helloworld.xsd</source>
			<destination>system/modules/com.alkacon.opencms.v8.mymodule/schemas/helloworld.xsd</destination>
			<type>plain</type>
			<uuidstructure>1a9d09e9-4075-11e7-9de0-68f72862be9a</uuidstructure>
			<uuidresource>1a9d09ea-4075-11e7-9de0-68f72862be9a</uuidresource>
			<datelastmodified>Wed, 24 May 2017 11:53:11 GMT</datelastmodified>
			<userlastmodified>Admin</userlastmodified>
			<datecreated>Wed, 24 May 2017 11:35:35 GMT</datecreated>
			<usercreated>Admin</usercreated>
			<flags>0</flags>
			<properties>
				<property>
					<name>Title</name>
					<value><![CDATA[Sample resource type schema]]></value>
				</property>
			</properties>
			<relations/>
			<accesscontrol/>
		</file>
		<file>
			<destination>system/modules/com.alkacon.opencms.v8.mymodule/templates</destination>
			<type>folder</type>
			<uuidstructure>aa99c594-4068-11e7-9742-54ee75c16a25</uuidstructure>
			<datelastmodified>Wed, 24 May 2017 10:06:34 GMT</datelastmodified>
			<userlastmodified>Admin</userlastmodified>
			<datecreated>Wed, 24 May 2017 10:06:34 GMT</datecreated>
			<usercreated>Admin</usercreated>
			<flags>0</flags>
			<properties/>
			<relations/>
			<accesscontrol/>
		</file>
		<file>
			<destination>system/workplace</destination>
			<type>folder</type>
			<uuidstructure>28d5b0f2-406f-11e7-9cf0-68f72862be9a</uuidstructure>
			<datelastmodified>Wed, 24 May 2017 10:53:27 GMT</datelastmodified>
			<userlastmodified>Admin</userlastmodified>
			<datecreated>Wed, 24 May 2017 10:53:02 GMT</datecreated>
			<usercreated>Admin</usercreated>
			<flags>0</flags>
			<properties>
				<property>
					<name>content-encoding</name>
					<value><![CDATA[UTF-8]]></value>
				</property>
				<property>
					<name>export</name>
					<value><![CDATA[false]]></value>
				</property>
				<property>
					<name>login-form</name>
					<value><![CDATA[/system/login/index.html]]></value>
				</property>
			</properties>
			<relations/>
			<accesscontrol>
				<accessentry>
					<uuidprincipal>ALL_OTHERS</uuidprincipal>
					<flags>134</flags>
					<permissionset>
						<allowed>0</allowed>
						<denied>0</denied>
					</permissionset>
				</accessentry>
				<accessentry>
					<uuidprincipal>ROLE.WORKPLACE_USER</uuidprincipal>
					<flags>518</flags>
					<permissionset>
						<allowed>5</allowed>
						<denied>0</denied>
					</permissionset>
				</accessentry>
			</accesscontrol>
		</file>
		<file>
			<destination>system/workplace/resources</destination>
			<type>folder</type>
			<uuidstructure>28d89724-406f-11e7-9cf0-68f72862be9a</uuidstructure>
			<datelastmodified>Wed, 24 May 2017 10:53:02 GMT</datelastmodified>
			<userlastmodified>Admin</userlastmodified>
			<datecreated>Wed, 24 May 2017 10:53:02 GMT</datecreated>
			<usercreated>Admin</usercreated>
			<flags>0</flags>
			<properties/>
			<relations/>
			<accesscontrol/>
		</file>
		<file>
			<destination>system/workplace/resources/filetypes</destination>
			<type>folder</type>
			<uuidstructure>28db2f36-406f-11e7-9cf0-68f72862be9a</uuidstructure>
			<datelastmodified>Wed, 24 May 2017 11:02:26 GMT</datelastmodified>
			<userlastmodified>Admin</userlastmodified>
			<datecreated>Wed, 24 May 2017 10:53:02 GMT</datecreated>
			<usercreated>Admin</usercreated>
			<flags>0</flags>
			<properties/>
			<relations/>
			<accesscontrol/>
		</file>
		<file>
			<source>system/workplace/resources/filetypes/helloworld.png</source>
			<destination>system/workplace/resources/filetypes/helloworld.png</destination>
			<type>image</type>
			<uuidstructure>1ab3781c-4075-11e7-9de0-68f72862be9a</uuidstructure>
			<uuidresource>1ab3781d-4075-11e7-9de0-68f72862be9a</uuidresource>
			<datelastmodified>Wed, 24 May 2017 10:55:40 GMT</datelastmodified>
			<userlastmodified>Admin</userlastmodified>
			<datecreated>Wed, 24 May 2017 11:35:36 GMT</datecreated>
			<usercreated>Admin</usercreated>
			<flags>0</flags>
			<properties>
				<property>
					<name>Title</name>
					<value><![CDATA[sample-icon]]></value>
				</property>
				<property type="shared">
					<name>image.size</name>
					<value><![CDATA[w:16,h:16]]></value>
				</property>
			</properties>
			<relations/>
			<accesscontrol/>
		</file>
		<file>
			<source>system/workplace/resources/filetypes/helloworld_big.png</source>
			<destination>system/workplace/resources/filetypes/helloworld_big.png</destination>
			<type>image</type>
			<uuidstructure>1ad83e30-4075-11e7-9de0-68f72862be9a</uuidstructure>
			<uuidresource>1ad83e31-4075-11e7-9de0-68f72862be9a</uuidresource>
			<datelastmodified>Wed, 24 May 2017 10:55:40 GMT</datelastmodified>
			<userlastmodified>Admin</userlastmodified>
			<datecreated>Wed, 24 May 2017 11:35:36 GMT</datecreated>
			<usercreated>Admin</usercreated>
			<flags>0</flags>
			<properties>
				<property>
					<name>Title</name>
					<value><![CDATA[sample-icon_big]]></value>
				</property>
				<property type="shared">
					<name>image.size</name>
					<value><![CDATA[w:24,h:24]]></value>
				</property>
			</properties>
			<relations/>
			<accesscontrol/>
		</file>
	</files>
</export>
